<?xml version="1.0" encoding="UTF-8"?>
<project-private xmlns="http://www.netbeans.org/ns/project-private/1">
    <editor-bookmarks xmlns="http://www.netbeans.org/ns/editor-bookmarks/2" lastBookmarkId="0"/>
    <open-files xmlns="http://www.netbeans.org/ns/projectui-open-files/2">
        <group>
            <file>file:/C:/xampp/htdocs/solucion_exame_2ev/Clases/Base/Empleado.php</file>
            <file>file:/C:/xampp/htdocs/solucion_exame_2ev/Config/configuracion.xml</file>
            <file>file:/C:/xampp/htdocs/solucion_exame_2ev/EjemploSerializacion/EjemploSerializacion.php</file>
            <file>file:/C:/xampp/htdocs/solucion_exame_2ev/autoload.php</file>
            <file>file:/C:/xampp/htdocs/solucion_exame_2ev/mostrar_datos.php</file>
            <file>file:/C:/xampp/htdocs/solucion_exame_2ev/Config/configuracion.xsd</file>
            <file>file:/C:/xampp/htdocs/solucion_exame_2ev/Clases/Base/Familiar.php</file>
            <file>file:/C:/xampp/htdocs/solucion_exame_2ev/index.php</file>
            <file>file:/C:/xampp/htdocs/solucion_exame_2ev/Clases/Base/Departamento.php</file>
            <file>file:/C:/xampp/htdocs/solucion_exame_2ev/Clases/DB/operacionesBBDD.php</file>
            <file>file:/C:/xampp/htdocs/solucion_exame_2ev/Clases/Base/Individuo.php</file>
        </group>
    </open-files>
</project-private>
